7-Keto-8-aminopelargonate-Biosynthesis	PWY-7147;PWY-6578;PWY-6519
Vitamin-Biosynthesis	PANTOSYN-PWY;PWY-6076;PWY3O-6;PWY-5027;PWY-7436;PWY-1422
Chloroaromatic-Compounds-Degradation	PWY-6086;PWY-6197;PWY-6102;PWY-7512;PWY-6178;PWY-6107;PWY-6200;PWY-7496;PWY-6085
THREONINE-DEG	PWY-5437;PWY66-428;THRDLCTCAT-PWY;THREOCAT-PWY;THREONINE-DEG2-PWY;PWY-5436
Uracil-Degradation	PWY-3982;PWY0-1471;PWY-6426
Lipoate-Biosynthesis	PWY0-1275;PWY0-522;PWY0-501;PWY-7382;PWY-6984;PWY-6987
Rhodoquinone-Biosynthesis	PWY-5889;PWY-5888
PROLINE-SYN	ARG-PRO-PWY;PWY-3341;PROSYN-PWY;ORN-AMINOPENTANOATE-CAT-PWY;PWY-4281;PWY-4981
Demethylmenaquinol-8-Biosynthesis	PWY-5852;PWY-6262;PWY-5861;PWY-6793
Aminoacyl-tRNAs-Charging	PWY490-4;TRNA-CHARGING-PWY;PWY-5921;PWY-6308
Purine-Ribonuc-De-Novo-Biosynthesis	PWY-7221;PWY-7219
Nucleic-Acid-Processing	PWY-7286;PWY-7283;PWY0-1479;PWY-7375;PWY-6711;PWY-6700;PWY-7379;PWY-6829;PWY0-1554;PWY-7285;PWY0-1587;PWY-6689
GLUTAMATE-SYN	PWY-4341;GLUTSYNIII-PWY;GLUTAMATE-SYN2-PWY;ARGASEDEG-PWY;PWY-5505;GLUGLNSYN-PWY;GLUTSYN-PWY
Beta-Alanine-Degradation	BETA-ALA-DEGRADATION-I-PWY;PWY-1781
TYROSINE-SYN	PWY-3461;PWY-6120;TYRSYN;PWY-6134;PWY-6630
ASPARAGINE-SYN	PWY0-1325;ASPSYNII-PWY;PWY490-4;ASPARAGINESYN-PWY;ASPARAGINE-BIOSYNTHESIS
Demethylmenaquinol-6-Biosynthesis	PWY-7373;PWY-5853;PWY-7372;PWY-5860
CoA-Biosynthesis	PANTOSYN-PWY;PWY-4242;PWY-4221;COA-PWY;COA-PWY-1
Thiamin-Salvage	PWY-6898;PWY-6896;PWY-7356;PWY-6899;PWY-6910;PWY-6897
Metabolic-Regulators	PWY-6158;PWY66-420;PWY-6100;PWY-6405;PWY66-423;PWY-7535;PPGPPMET-PWY
ASPARAGINE-DEG	ASPARAGINE-DEG1-PWY-1;PWY-4002;ASPARAGINE-DEG1-PWY
Pyrimidine-Deoxyribonucleosides-Deg	PWY-7181;PWY-7206
MISCELLANEOUS-DEG	PWY-4021;PWY-6334;CITRULLINE-DEG-PWY;ORN-AMINOPENTANOATE-CAT-PWY;PWY-6344
CYSTEINE-SYN	HOMOCYSDEGR-PWY;CYSTSYN-PWY;PWY-6293;PWY-7289;PWY-801;PWY-6292;PWY-6308
TOLUENE-DEG	PWY-5179;PWY-5181;PWY-5178;PWY-5183;PWY-81;PWY-5180;TOLUENE-DEG-CATECHOL-PWY;PWY-5184;TOLUENE-DEG-3-OH-PWY;PWY-5182;PWY-7700;TOLUENE-DEG-2-OH-PWY;TOLUENE-DEG-4-OH-PWY;TOLUENE-DEG-DIOL-PWY;PWY-7703
L-Ornithine-Biosynthesis	PWY-6922;ARGININE-SYN4-PWY;GLUTORN-PWY
ISOLEUCINE-SYN	ILEUSYN-PWY;PWY-5103;PWY-5104;PWY-5108;PWY-5101;PWY-3001
Allantoin-degradation	PWY-5697;PWY-5698;ALLANTOINDEG-PWY;PWY-5694;URDEGR-PWY;PWY-5705;PWY-5692;PWY0-41
Vanillin-Degradation	PWY-7097;PWY-7098;PWY-6338
Phenolic-Compounds-Degradation	PWY-6080;PWY-6071;PWY-7046;PWY-6690;HCAMHPDEG-PWY;P281-PWY
Methionine-De-novo-Biosynthesis	PWY-5345;PWY-5347;HSERMETANA-PWY;METSYN-PWY;HOMOSER-METSYN-PWY;PWY-702
DHNA-Biosynthesis	PWY-5837
Pyrimidine-Degradation	PWY0-1298
2-Aminobenzoate-Degradation	2AMINOBENZDEG-PWY;PWY-6077;PWY-6079;PWY-6504
Urea-Degradation	PWY-5704;PWY-5703
Pyrimid-Deoxyribonucleot-De-Novo-Biosyn	PWY-7198;PWY-7184;PWY-7211;PWY-7187;PWY0-166;PWY-6545
Chlorophyll-a-Biosynthesis	PWY-5086;PWY-5064;PWY-5529;PWY-5068
GALLATE-DEG	GALLATE-DEGRADATION-I-PWY;GALLATE-DEGRADATION-II-PWY;P3-PWY
BIOTIN-SYN	PWY-5005;BIOTIN-BIOSYNTHESIS-PWY;PWY0-1507;PWY-7380
HMP-PP-Biosynthesis	PWY-6890;PWY-7282
Sulfoaromatics-Degradation	PWY-7521;PWY-6041;DESULFONATION-PWY
Protocatechuate-Degradation	P184-PWY;PWY-6336;PROTOCATECHUATE-ORTHO-CLEAVAGE-PWY
THREONINE-BIOSYNTHESIS	HOMOSER-THRESYN-PWY;THRESYN-PWY
Phenylacetate-Degradation	PWY0-321;PWY-1341
o-Nitrophenol-Degradation	PWY-5636
Atrazine-Degradation	PWY-5727;PWY-5731;PWY-5724;P141-PWY
3-Chlorocatechol-Degradation	PWY-6214;PWY-6193;PWY-6089
Nitro-Toluene-Degradation	PWY-5641;PWY-6051
Vitamin-A-Biosynthesis	PWY-6872;PWY-6857;PWY-6875
Guanosine-Deoxy-Denovo-Biosynthesis	PWY-7222;PWY-7226
NAD-Metabolism	NADPHOS-DEPHOS-PWY;PWY-7245;PWY-7268;PWY-5381;PWY-7269;NADPHOS-DEPHOS-PWY-1;PWY-5083
s-Triazine-Degradation	PWY-5170;PWY-5171;PWY-5726
Nitrobenzene-Degradation	PWY-5637;PWY-5645;PWY-5640
Reductants	PWY-4081;PWY8J2-1;PWY-4181;GLUTATHIONESYN-PWY;PWY-4041;THIOREDOX-PWY;GLUT-REDOX-PWY;PWY-4121;PWY1G-126;PWY-6840;PWY1G-0
Quinone-Biosynthesis	PWY-7436;PWY-1422
Citrulline-Biosynthesis	PWY-5004;CITRULBIO-PWY;PWY-4921
VALINE-DEG	VALDEG-PWY;PWY-5057
ISOLEUCINE-DEG	PWY-5078;ILEUDEG-PWY
GLYCINE-DEG	GLYCLEAV-PWY;GLYCGREAT-PWY
Pyrrolysine-Biosynthesis	PWY-6994
Tetrapyrrole-Biosynthesis	PWY-5189;PWY-5188
PROLINE-DEG	PROUT-PWY
Betaine-Biosynthesis	P542-PWY;PWY-4021;CHOLINE-BETAINE-ANA-PWY;BETSYN-PWY;PWY-3722;PWY1F-353;PWY-6004;P541-PWY
NAN-MANNACs-degradation	PWY0-1324;PWY-7581
CYSTEINE-DEG	CYSTEINE-DEG-PWY;PWY-5329;LCYSDEG-PWY
SPERMINE-SPERMIDINE-DEG	PWY-6117;PWY-6440;PWY-6441
Phenylethylamine-Degradation	PWY-6534;2PHENDEG-PWY
Benzoyl-CoA-Degradation	CENTBENZCOA-PWY;PWY-1361;P321-PWY
GLUTAMINE-DEG	GLUTAMINEFUM-PWY;GLUTAMINDEG-PWY
TYROSINE-DEG	TYRFUMCAT-PWY;PWY-5151;PWY-7514;PWY3O-4108
Thiamin-Diphosphate-Biosynthesis	PWY-6893;PWY-6908;PWY-6894;PWY-6907
PHENYLALANINE-SYN	PWY-7432;PWY-6628;PWY-3462;PHESYN
Fluorene-Degradation	FLUORENE-DEG-9-ONE-PWY;PWY-1381
Methionine-Salvage	PWY-7528;PWY-7527;PWY-5441;PWY-7270;ADENOSYLHOMOCYSCAT-PWY
ALANINE-DEG	ALADEG-PWY;ALACAT2-PWY;ALANINE-DEG3-PWY;PWY1-2
Naphthalene-Degradation	PWY-7620;PWY-5427
Phylloquinone-Biosynthesis	PWY-5027;PWY-5863
Amino-Acids-Modification	PWY-7546;PWY-5905;PWY-6482
Adenine-Adenosine-Salvage	P121-PWY;PWY-6610;PWY-6619;PWY-6605;PWY-6609;PWY-6611
Super-Pathways	ARO-PWY;PWY-6404;PWY-5071;PWY-5096;PWY-7402;PWY-6126;PWY-6590;PWY-5179;GLCMANNANAUT-PWY;PWY-3621;PWY-7124;PWY-7020;PWY-7283;PROPFERM-PWY;THISYN-PWY;PWY-5114;PWY-7228;PWY0-1325;PWY-6353;PWY-6569;PWY-7616;PWY-6385;PWY-7596;PWY-5004;PWY-7208;KETOGLUCONMET-PWY;FUC-RHAMCAT-PWY;PWY0-845;PWY-7245;PWY-5053;ERGOSTEROL-SYN-PWY;PWY4LZ-257;PWY-6628;PWY-5850;PWY-5130;P542-PWY;PHOSLIPSYN-PWY;POLYAMSYN-PWY;PWY0-1305;PWY-3481;PWY-7149;PWY-6595;PWY-7341;PWY-5181;PWY-6443;GLYCOLYSIS-E-D;ENTBACSYN-PWY;PWY-6371;PWY-821;URSIN-PWY;PWY-5266;PWY0-1297;PWY-5052;PWY-5044;PWY-6432;PWY-7287;PWY-7494;PWY-5313;PWY-6594;PRPP-PWY;PWY-6415;PANTOSYN-PWY;PWY0-1061;PWY-6956;4AMINOBUTMETAB-PWY;PWY-6632;PWY-6579;PWY-6263;PWY-7622;PWY-7609;PWY-4242;PWY-7328;PWY-5345;PWY-5424;ARGDEGRAD-PWY;PWY-5062;PWY-6895;PWY-5459;ACETATEUTIL-PWY;LPSSYN-PWY;PWY66-4;PWY-5294;PWY-5898;CAROTENOID-PWY;SER-GLYSYN-PWY;PWY-5899;PWY-7373;PWY-4821;GOLPDLCAT-PWY;PWY-6676;PWY-5433;GLUDEG-I-PWY;PWY-5464;PWY-6145;PWY-5134;PWY-5088;PWY-6621;PWY-4762;PWY-5864;PWY-7528;PWY-7401;PWY-5478;PWY-6196;PWY-6071;PWY-7000;ASPASN-PWY;PWY-5647;PWY-7003;PWY-5430;PWY-7110;PWY-7345;PWY-2055;PWY-6141;PWY0-1277;TRYPTOPHAN-DEGRADATION-1;POLYISOPRENSYN-PWY;TCA-GLYOX-BYPASS;PWY-4221;PWY-5417;PWY-5634;PWY-5257;PWY-7323;PWY0-781;PWY-5415;PWY-5178;PWY-6374;PWY-5328;PWY-6176;PWY-5897;PWY-6629;NAD-BIOSYNTHESIS-II;PWY-5676;PWY-5347;PWY-5183;P441-PWY;PWY-6947;ALLANTOINDEG-PWY;PWY-6277;PWY-4041;PWY-6975;SUCSYN-PWY;PWY-1882;PWY-5918;PWY-6963;PWY-6517;PWY66-5;PWY-5431;PWY-7237;PWY-6662;PWY-5840;PWY-6293;P4-PWY;PWY-5961;PWY-5420;OANTIGEN-PWY;PWY-5335;PWY-2541;PWY-2504;PWY-6977;PWY-5005;HSERMETANA-PWY;PWY-6049;PWY-5600;PWY-5910;PWY-841;PWY4FS-7;ARGSYN-PWY;PWY-7194;PWY-5529;PWY-6962;PWY-6940;PWY-5327;PWY-7379;PWY-5360;PWY-7389;PWY-6604;PWY-7305;P381-PWY;SULFATE-CYS-PWY;MET-SAM-PWY;PWY-7169;PWY-6887;PWY-6784;PWY-6309;PWY-7332;PWY-1782;PWY-7196;P142-PWY;FASYN-INITIAL-PWY;PWY-1701;ANAEROFRUCAT-PWY;PWY-6954;PWY-5173;PWY-5304;UBISYN-PWY;GLUDEG-II-PWY;PWY-6981;PWY-5310;PWY-7186;PWY-5862;PENTOSE-P-PWY;PWY-6395;GLUCUROCAT-PWY;P461-PWY;PWY-7050;PHOTOALL-PWY;PWY-6564;PWY-5312;PWY-724;PWY-4161;PWY-6544;GLYCINE-SYN2-PWY;PWY-5717;PWY-5694;PWY-6886;PWY-7527;PWY-5180;PWY-6612;PWY-7715;PWY-7476;PWY-5308;PWY-6165;PWY-5265;P41-PWY;PWY-5156;PWY-6928;PWY-6270;GLYCOLYSIS-TCA-GLYOX-BYPASS;PWY0-1415;PWY-5993;PWY-7200;PWY0-381;PWY-6751;ORNDEG-PWY;PWY-5485;BRANCHED-CHAIN-AA-SYN-PWY;BIOTIN-BIOSYNTHESIS-PWY;BENZCOA-PWY;PWY-6142;PWY-7392;PWY-5863;PWY66-341;PWY-6565;PWY-5121;PWY-5184;PWY-6072;PWY-6467;PWY66-3;METSYN-PWY;PWY-7270;PWY-7731;PWY-6266;PWY-5861;PWY-7411;PWY-6402;PWY-6446;PWY-6113;PWY-6146;PWY-2229;PWY-5823;PWY0-881;PWY-5903;PWY2OL-4;KDO-NAGLIPASYN-PWY;PWY-5942;PWY-7211;PWY-5655;PWY-6471;PWY-7082;DETOX1-PWY-1;FOLSYN-PWY;PWY-6234;P281-PWY;PWY-5537;PWY-7342;PWY-5182;METHGLYUT-PWY;PWY-5505;PWY-6182;SO4ASSIM-PWY;PWY-6339;PWY-7592;PWY-7024;PWY-7156;PWY-13;PWY0-166;PWY-3097;PWY-7277;PWY3O-1109;PWY-6350;PWY-6358;PWY-6555;PWY-5100;PEPTIDOGLYCANSYN-PWY;THISYNARA-PWY;ARGDEG-PWY;PWY-3502;COLANSYN-PWY;PWY0-162;GLUCARGALACTSUPER-PWY;PWY-5483;P344-PWY;PWY-5991;PWY-7384;PWY-5306;PWY-6285;POLYAMINSYN3-PWY;PWY-7209;ARG+POLYAMINE-SYN;NADSYN-PWY;PWY-7235;PWY-6957;PWY-7084;PWY-6470;PWY-5405;PWY-7393;PWY-6284;PWY-6516;PWY-5538;PWY-5507;PWY-1541;PWY66-409;PWY-5920;PWY-5896;PWY-6503;PWY-7537;URDEGR-PWY;PWY-7575;PWY-5724;PWY-7218;PWY-6125;PHOSLIPSYN2-PWY;PWY-6641;PWY-7438;P165-PWY;GALACT-GLUCUROCAT-PWY;PWY-5416;PWY-7021;PWY-6396;PWY-6292;PWY-5705;PWY-7229;COMPLETE-ARO-PWY;THREOCAT-PWY;PWY-6571;PWY-561;DENOVOPURINE2-PWY;ECASYN-PWY;PWY-7514;ARGORNPROST-PWY;GLYCOL-GLYOXDEG-PWY;PWY-6901;PWY0-1298;PWY-5273;PWY-3282;PWY-5845;THRESYN-PWY;PWY-6338;PWY-5838;PWY-7709;PWY-6830;PWY-5692;PWY4FS-5;PWY-3001;PWY4FS-8;P125-PWY;HEXITOLDEGSUPER-PWY;PWY-6897;PWY-7509;AMMASSIM-PWY;PWY-6630;PWY-6151;ALL-CHORISMATE-PWY;PWY-6505;PWY0-41;PWY-6937;PWY-5860;PWY-7317;ORNARGDEG-PWY
Purine-Nucleotides-Salvage	SALVPURINE2-PWY;PWY66-409;PWY-7224
Adenosine-Nucleotides-Degradation	SALVADEHYPOX-PWY;PWY-6617;PWY-5532;PWY-6596
Dichlorotoluene-Degradation	PWY-6192;PWY-6191;PWY-6190
ASPARTATE-DEG	MALATE-ASPARTATE-SHUTTLE-PWY;ASPARTATE-DEG1-PWY
Benzoate-Degradation	PWY-5430;PWY-283;PWY-2503
Aminopropanol-Phosphate-Biosynthesis	PWY-7378;PWY-5443
GLUTAMATE-DEG	PWY0-1305;PWY-4321;GLUTAMATE-DEG1-PWY;GLUDEG-I-PWY;PWY-5088;GLUDEG-II-PWY;GLUTDEG-PWY;PWY-5766;P162-PWY;PWY-5087
Gentisate-Degradation	PWY-7469;PWY-6223
Guanine-Guanosine-Salvage	PWY-6579;PWY-6599;PWY-6620;PWY-6618
NAD-SYN	NAD-BIOSYNTHESIS-III;PYRIDNUCSAL-PWY;NAD-BIOSYNTHESIS-II;PYRIDNUCSYN-PWY;PWY-5653;PWY-3502;NADSYN-PWY;PWY3O-4106
B12-Salvage-From-Cobinamide	PWY-6269;COBALSYN-PWY
Nitroaromatic-Degradation	PWY-7628;PWY-7044;PWY-7403
Nicotinate-Degradation	PWY-5055;PWY-5033;PWY-722
UDP-Nac-Galactosamine-Biosynthesis	PWY-5514;PWY-5512
HISTIDINE-DEG	HISHP-PWY;PWY-5030;HISTDEG-PWY;HISDEG-PWY;PWY-5028;PWY-5031
HISTIDINE-SYN	HISTSYN-PWY;PWY-5029
GLUTAMINE-SYN	GLNSYN-PWY;PWY-6549;PWY-5505
Chlorophyllide-a-Biosynthesis	PWY-7159;CHLOROPHYLL-SYN;PWY-5531
Salicylate-Biosynthesis	PWY-6406;PWY-6621;PWY-6762;PWY-981;PWY-6624;PWY-6623
Visual-Cycle	PWY-7041;PWY-6861;PWY-7042;PWY-7043
Thiazole-Biosynthesis	PWY-6892;PWY-6909;PWY-6891
LEUCINE-DEG	PWY-5076;LEU-DEG2-PWY;PWY-5075
2-Nirobenzoate-Degradation	PWY-5648;PWY-5647
Folate-Biosynthesis	PWY-2161;1CMET2-PWY;PWY-6613;PWY-6612;PWY-6614;FOLSYN-PWY;PWY-2161B;PWY-6543
Ubiquinone-Biosynthesis	PWY-7233;PWY-5856;PWY-5872;UBISYN-PWY;PWY-5870;PWY-6708;PWY-5873;PWY-5857;PWY-5855;PWY-7235;PWY-5871;PWY-7230;PWY3O-19
Guanosine-Nucleotides-Degradation	PWY-6607;PWY-6595;PWY-6606;PWY-6608
Methylthioadenosine-Degradation	PWY0-1391;PWY-6756;PWY-6754;PWY-6753
6-HM-Dihydropterin-PP-Biosynthesis	PWY-6797;PWY-6147;PWY-7539
Other-Amino-Acid-Biosynthesis	PWY-7275;PWY-7701;PWY-1186;PWY-6196;PWY-7648;PWY-5957;PWY-6936;PWY-7274;PWY-6395;HOMOSERSYN-PWY;PWY-7649;PWY-5344
Cyanide-Detoxification	ASPSYNII-PWY;PWY-7142
S-adenosyl-L-methionine-cycle	PWY-5041;PWY-6151
3-Chlorotoluene-Degradation	PWY-6103;PWY-6104
4-Nitrotoluene-Degradation	PWY-5644;P421-PWY
Choline-Degradation	P542-PWY;PWY-7494;PWY-3721;CHOLINE-BETAINE-ANA-PWY;PWY-7167
Menaquinone-Biosynthesis	PWY-5850;PWY-6263;PWY-5898;PWY-5899;PWY-5895;PWY-5844;PWY-5890;PWY-5897;PWY-5840;PWY-5891;PWY-5892;PWY-5839;MENAQUINONESYN-PWY;PWY-5896;PWY-5849;PWY-5845;PWY-5838
4-Hydroxybenzoate-Biosynthesis	PWY-5754;PWY-6435;PWY3O-1109;PWY-6431;PWY-5755
4-Aminobutyraye-Degradation	PWY-6537;4AMINOBUTMETAB-PWY;PWY-5022;GLUDEG-I-PWY;PWY-6536;PWY-6473;PWY-6535
B12-Biosynthesis-From-Cobyrinate-Diamide	PWY-5508;PWY-5509
UDP-NAc-Glucosamine-Biosynthesis	UDPNACETYLGALSYN-PWY;UDPNAGSYN-PWY
Pyrimidine-Base-Degradation	PWY-7209;PWY-6430
VALINE-BIOSYNTHESIS	VALSYN-PWY
SERINE-DEG	SERDEG-PWY
4-Toluenesulfonate-Degradation	TOLSULFDEG-PWY;PWY-5165
Pyrimid-Ribonucleot-De-Novo-Biosyn	PWY-7176;PWY-5686;PWY0-162
Hydroxyprolines-Degradation	HYDROXYPRODEG-PWY;PWY-5159;PWY-7515
Tetrahydrobiopterin-Biosynthesis	PWY-5663;PWY-6983;PWY-5664
Cobyrinate-diamide-Biosynthesis	PWY-7377;PWY-7376
ALANINE-SYN	PWY0-1021;PWY0-1061;ALANINE-VALINESYN-PWY;ALANINE-SYN2-PWY
Polyprenyl-Biosynthesis	PWY-5785;PWY-5122;POLYISOPRENSYN-PWY;PWY-5806;PWY-5807;PWY-6520;PWY-5783;PWY-5805;HEXPPSYN-PWY;PWY-6383;PWY-5817;PWY-5816;PWY-5893
Nitrobenzoate-Degradation	PWY-2381
Putrescine-Degradation	PWY0-1221;PWY-2;PWY-3;PWY-0;PUTDEG-PWY
All-Trans-Farnesyl-PP-Biosynthesis	PWY-6577;PWY-5123
Vitamin-B6-Biosynthesis	PWY0-845;PWY-7204;PYRIDOXSYN-PWY;PWY-6466;PLPSAL-PWY
Chlorobenzene-Degradation	PWY-6099;PWY-6091;PWY-6081;PWY-6083;PWY-6090;14DICHLORBENZDEG-PWY
Methylamine-Degradation	PWY-6965;PWY-6967
METHIONINE-DEG	PWY-5082;PWY-5328;PWY-701;METHIONINE-DEG1-PWY
PUR-NUC-SYN	PWY-6794
Putrescine-Biosynthesis	PWY-6305;PWY-40;PWY-46;PWY-43
Flavin-Biosynthesis	PWY-6167;RIBOSYN2-PWY;PWY-6168;PWY66-366
LEUCINE-SYN	LEUSYN-PWY
D-Amino-Acid-Degradation	PWY-6196;PWY0-1535;PWY-6422
Chlorophyll-A-Degradation	PWY-7164;PWY-6927;PWY-5098
Purine-Degradation	PWY0-1296;PWY-6353;PWY-7179;PWY-7179-1;PWY-5695;PWY-5044;PWY-5497;PWY-6019;P164-PWY
Chorismate-Biosynthesis	ARO-PWY;PWY-6163;PWY-6165
Glycine-Betaine-Degradation	PWY-3661-1;PWY-3661
Nitrophenol-Degradation	PWY-7627
Demethylmenaquinone-Biosynthesis	PWY-5851;PWY-5862
3-Dehydroquinate-Biosynthesis	PWY-6164;PWY-6160
Folate-Transformations	PWY-3841;PWY-2201
Adenosylcobalamin-Biosynthesis	PWY-6268
PHENYLALANINE-DEG	ANAPHENOXI-PWY;PHENYLALANINE-DEG1-PWY;PWY-7158;PWY-5079;PWY-6318
Thiamine-Biosynthesis	THISYN-PWY;PWY-6895;PWY-7369;PWY-7357;THISYNARA-PWY
CARN-DEG	PWY-7472;PWY-3641;PWY-7471;PWY-3602;CARNMET-PWY
Purine-Nucleotide-De-Novo-Biosynthesis	PWY-6126;PWY-7228;PWY-841;PWY-6125;PWY-7229;DENOVOPURINE2-PWY
IMP-Biosynthesis	PWY-6124;PWY-6123;PWY-7234
Dinitrotoluene-Degradation	PWY-5643;PWY-7681;PWY-5642
14-Dihydroxy-6-Naphthoate-Biosynthesis	PWY-7374;PWY-7371
Quinate-Degradation	QUINATEDEG-PWY;PWY-6416
Spermidine-Biosynthesis	BSUBPOLYAMSYN-PWY;PWY-6834;PWY-6559
p-Nitrophenol-Degradation	PWY-5488;PWY-5487
3-Chlorobenzoate-Degradation	PWY-6216;PWY-6088;PWY-6228
Chlorophyll-Biosynthesis	PWY-5526
ASPARTATE-SYN	GLUTDEG-PWY;ASPARTATESYN-PWY
Chlorocatechol-Degradation	PWY-6093;PWY-6087;PWY-6094;PWY-6084
De-Novo-Adenosylcobalamin-Biosynthesis	P381-PWY;PWY-5507
TRYPTOPHAN-DEG	TRYPDEG-PWY;TRYPTOPHAN-DEGRADATION-1;PWY-3181;PWY-6309;TRPKYNCAT-PWY;TRPIAACAT-PWY;PWY-3162;TRPCAT-PWY;PWY-6307;PWY-5655;PWY-5651;PWY-5081;PWY-6505
AIR-Biosynthesis	PWY-6277;PWY-6121;PWY-6122
Selenocysteine-Biosynthesis	PWY0-901;PWY-6281
LYSINE-SYN	PWY-2942;DAPLYSINESYN-PWY;PWY-5097;PWY-2941;PWY-3081;LYSINE-AMINOAD-PWY
MANDELATE-DEG	PWY-6957;PWY-1501
Plastoquinone-Biosynthesis	PWY-6978;PWY-5864;PWY-1581
Ammonia-Assimilation	GLNSYN-PWY;PWY-6963;PWY-6964;PWY-3282;AMMASSIM-PWY
Pyrimidine-Ribonucleosides-Degradation	PWY0-1295;PWY-7195;PWY-6556;PWY-7209
Pantothenate-Biosynthesis	PANTO-PWY;PWY-3961;PWY-6654
Catechol-Degradation	P183-PWY;PWY-5417;PWY-5415;PWY-5431;PWY-5420;CATECHOL-ORTHO-CLEAVAGE-PWY;PWY-5419
SERINE-BIOSYNTHESIS	SERSYN-PWY
LYSINE-DEG	PWY-6328;P163-PWY;PWY-5283;PWY-5280;PWY66-425;LYSINE-DEG1-PWY;PWY-5327;PWY-5311;PWY-5324;PWY-5314;LYSDEGII-PWY;PWY-5298;PWY0-461
Porphyrin-Compounds-Biosynthesis	PWY-5194;PWY-5297
GLYCINE-SYN	GLYSYN-THR-PWY;GLYCINE-SYN2-PWY;GLYSYN-PWY;GLYSYN-ALA-PWY
Acid-Resistance	PWY0-1305;PWY0-1299;PWY-7685
Shikimate-Degradation	PWY-6419;SHIKIMATEDEG-PWY
Heme-Degradation	PWY-5874
Pyrimidine-Nucleotide-Salvage	PWY-7199;PWY-7208;PWY-7195;PWY-7183;PWY-7194;PWY-7210;PWY-7196;PWY-7205;PWY-7200;PWY-6556;PWY-7193;PWY-7197
HOMOCYSTEINE-DEG	HOMOCYSDEGR-PWY
TRYPTOPHAN-BIOSYNTHESIS	TRPSYN-PWY;PWY-6629
DMB-Biosynthesis	PWY-5523;PWY-7729
ARGININE-SYN	PWY-4983;PWY-5154;ARGSYN-PWY;ARGSYNBSUB-PWY;PWY-7400
HEME-SYN	HEME-BIOSYNTHESIS-II;PWY-7552;PWY-5918;HEMESYN2-PWY;PWY0-1415;PWY-7554;PWY-5920
Salicylate-Degradation	PWY-6636;PWY-6183;PWY-6640;PWY-6224
Beta-Alanine-Biosynthesis	PWY-3941;PWY-5155;PWY-3982;PWY-5760;PWY-3981
Creatinine-Degradation	CRNFORCAT-PWY;PWY-4741;PWY-4722
Coenzyme-M-Biosynthesis	PWY-6643;P261-PWY
Molybdenum-Cofactor-Biosynthesis	PWY-6823
N-Acetylglucosamine-Degradation	PWY-6517;GLUAMCAT-PWY
Urate-Degradation	PWY-5691;PWY-7394;P165-PWY
ARGININE-DEG	ARG-GLU-PWY;PWY-4983;ARGDEGRAD-PWY;PWY-5024;ARG-PRO-PWY;ARGDEG-III-PWY;PWY-7523;AST-PWY;PWY0-823;ARGASEDEG-PWY;PWY-5742;ARGDEG-PWY;ARGDEG-IV-PWY;ARGDEG-V-PWY;ORNARGDEG-PWY
MTR-1P-Degradation	PWY-7174;PWY-4361
Chlorobenzoate-Degradation	PWY-6217;PWY-6215;PWY-6221
Phenol-Degradation	PHENOLDEG-PWY;PWY-5418
Ascorbate-Biosynthesis	PWY4FS-11;PWY-6415;PWY-7165;PWY-5521;PWY3DJ-35471;PWY-882
Xylene-Degradation	PWY-5429;PWY-5428
Adenosine-Deoxy-Denovo-Bbiosynthesis	PWY-7227;PWY-7220
UTP-CTP-Dephosphorylation	PWY-7177;PWY-7185
GGPP-Biosynthesis	PWY-5910;PWY-5120;PWY-5121
